text,date_added,added_by
2d3,2026-05-06T00:38:40.107400,jorgeygari
kkk,2026-05-06T00:38:45.000293,jorgeygari
hola,2026-05-06T00:41:55.387519,jorgeygari
hola,2026-05-06T00:42:56.779473,jorgeygari
hoaoñjgeijbñoe,2026-05-06T00:43:05.634067,jorgeygari
hola,2026-05-06T00:45:54.722216,jorgeygari
ñ,2026-05-06T00:46:00.356981,jorgeygari
hola,2026-05-06T00:50:58.794710,jorgeygari
hola,2026-05-06T00:51:10.451201,jorgeygari
JODERRRRR,2026-05-06T00:51:14.169959,jorgeygari
HOLOIEOEKÑ,2026-05-06T00:51:24.440570,jorgeygari
